iter	RMSE	RMSE	RMSE
0	36414.03157	37366.22296	27766.17287
